"","idCompra","CodPanelista","CodProducto","CodigoBarras","FechaCesta","PrecioCompra","Cantidad","Precio","CodLugarCompra","Lugar_Compra","Canal","CodIndividuo","CC_AA","Edad_Ama","NF","Numero_Gatos","Numero_Perros","Presencia_Ni√.os","CodIMC","IMC","Ponderacion","CodVF","VF","SA7_BPL","SA4_Fabricante","SA3_Marca","SA2_Submarca","X102_Aditivos","X108_Usuario","X109_Estado","X112_Niv_Calorias","X124_Estilo","X127_Tipo_Ba√.ado_Choc","X129_Tipo_Pasteleria","X135_Uso","X143_Tipo_Corte","X163_Info_Cafeina","X167_Grado_Curacion","X169_Cont_Materia_Grasa","X174_Despiece.Corte","X182_Tipo_Queso","X188_Tipo_Pan","X189_Tipo_Viena","X206_Tipo_Pescado","X230_Niv_Concentracion","X314_Tipo_Cena.Entrante","X315_Tipo_Carne","X323_Tipo_Sazonamiento","X328_Tipo_Aceite","X329_Pureness_Niveau","X360_Tipo_Verdura","X366_Tipo_Postre","X383_Tipo_Yogurt","X384_Tipo_Cena","X489_Como_Compro.","X490_Fresca.Congelada","X491_Presentacion","X497_Tipo_Queso","X498_Marcas_Queso","X500_Tipo_Embutido","X514_Tipo_Carne","X527_Tipo_Cafe","X529_Tipo_Producto","X531_Info_Biologica","X558_Variedad_Queso","X571_Peso_Bebe","X674_Tipo_Helado","X901_Localizacion","X902_Tipo_Producto","X903_Envase","X904_Variedad.Sabor","X5_Num_Tot_Unidades","X18_Num_Tot_Paquetes.Botes","X66_Preferred_Unit_Measure","TipoMaquina","Promo_Folleto","Promo_Envase","Promo_TPR","Ciclo_Vida","Clase_EGM","Clase_Social","Habitat_Metropolitano","Habitat_Municipal_Std","Inmigrante","Provincia","Region","promo_folleto","promo_envase"
"1",48348413,187220,11649,"3123930711000","2013-12-30",2233,2000,258,120,"SUPERMERCADO","super+autos",0,"Arag√≥n",60,"4",0,1,"No","3","Sobrepeso","0,713",207,"QUESO RALLADO                 ","Branded                       ",143160,30388,30388,"NULL","NULL","HILO                          ","NULL","NULL","NULL","NULL","NULL","NULL","NULL","NULL","NULL","NULL","EMMENTAL                      ","NULL","NULL","NULL","NULL","NULL","NULL","NULL","NULL","NULL","NULL","NULL","NULL","NULL","NULL","NULL","NULL","NULL","NULL","NULL","NULL","NULL","NULL","VALOR INDISPONIBLE            ","NULL","NULL","NULL","FRESCOS                       ","QUESO RALLADO                 ","BOLSA PLASTICO                ","VALOR INDISPONIBLE            ","1","NULL",100,1,"No","No","No","Parejas con hijos edad media","M","Alta y media Alta","NO METROP","10001 a 20000","Si","HUESCA","Region I",NA,NA
"2",48348415,187220,46899,"8410066001026","2013-12-30",2233,3000,186,120,"SUPERMERCADO","super+autos",0,"Arag√≥n",60,"4",0,1,"No","3","Sobrepeso","0,713",145,"TOMATE NATURAL EN CONSERVA    ","Branded                       ",32651,173012,173012,"NULL","NULL","TRITURADO                     ","NULL","NULL","NULL","NULL","NULL","NULL","NULL","NULL","NULL","NULL","NULL","NULL","NULL","NULL","NULL","NULL","NULL","NULL","NULL","NULL","NULL","NULL","NULL","NULL","NULL","NULL","NULL","NULL","NULL","NULL","NULL","NULL","NULL","VALOR INDISPONIBLE            ","NULL","NULL","NULL","ESTANTERIA                    ","TOMATE                        ","LATA                          ","NATURAL                       ","1","NULL",400,1,"No","No","No","Parejas con hijos edad media","M","Alta y media Alta","NO METROP","10001 a 20000","Si","HUESCA","Region I",NA,NA
"3",48348416,187220,58452,"8410069021649","2013-12-30",2233,1000,94,120,"SUPERMERCADO","super+autos",0,"Arag√≥n",60,"4",0,1,"No","3","Sobrepeso","0,713",204,"HARIN/SEMOL/TAPIOC/ALMDN/QUINO","Branded                       ",160970,10863,10863,"NULL","NULL","NULL","NULL","NULL","NULL","NULL","USO COMUN                     ","NULL","NULL","NULL","NULL","NULL","NULL","NULL","NULL","NULL","NULL","NULL","NULL","NULL","NULL","NULL","NULL","NULL","NULL","NULL","NULL","NULL","NULL","NULL","NULL","NULL","NULL","NULL","NULL","VALOR INDISPONIBLE            ","NULL","NULL","NULL","ESTANTERIA                    ","HARINA                        ","PAQUETE                       ","EXTRA                         ","1","NULL",1000,1,"No","No","No","Parejas con hijos edad media","M","Alta y media Alta","NO METROP","10001 a 20000","Si","HUESCA","Region I",NA,NA
"4",48348417,187220,74597,"KIA1020201","2013-12-30",2233,3000,169,120,"SUPERMERCADO","super+autos",0,"Arag√≥n",60,"4",0,1,"No","3","Sobrepeso","0,713",462,"Pan fresco (CB)               ","Branded                       ",122091,122091,122091,"NULL","NULL","NULL","NULL","NULL","NULL","NULL","NULL","NULL","NULL","NULL","NULL","NULL","NULL","NULL","NULL","NULL","NULL","NULL","NULL","NULL","NULL","NULL","NULL","NULL","NULL","NULL","NULL","NULL","Envasado                      ","NULL","NULL","NULL","NULL","NULL","NULL","NULL","NULL","NULL","NULL","NULL","NULL","NULL","NULL","1","NULL",210,1,"No","No","No","Parejas con hijos edad media","M","Alta y media Alta","NO METROP","10001 a 20000","Si","HUESCA","Region I",NA,NA
"5",48348418,187220,313733,"8421136700015","2013-12-30",2233,1000,165,120,"SUPERMERCADO","super+autos",0,"Arag√≥n",60,"4",0,1,"No","3","Sobrepeso","0,713",11,"FRUTA Y VERDURA  FRESCA       ","Branded                       ",282084,1759,1759,"NULL","NULL","NULL","NULL","NULL","NULL","NULL","NULL","NULL","NULL","NULL","NULL","NULL","NULL","NULL","NULL","NULL","NULL","NULL","NULL","NULL","NULL","NULL","NULL","NULL","NULL","VERDURA/TUBERCULO             ","NULL","NULL","NULL","NULL","NULL","NULL","NULL","NULL","NULL","VALOR INDISPONIBLE            ","NULL","NULL","NULL","ESTANTERIA                    ","SETA                          ","BANDEJA                       ","NULL","1","NULL",200,1,"No","No","No","Parejas con hijos edad media","M","Alta y media Alta","NO METROP","10001 a 20000","Si","HUESCA","Region I",NA,NA
"6",48348419,187220,323655,"8420335000179","2013-12-30",2233,1000,105,120,"SUPERMERCADO","super+autos",0,"Arag√≥n",60,"4",0,1,"No","3","Sobrepeso","0,713",116,"FRUTOS SECOS                  ","Branded                       ",192853,211400,211400,"NULL","NULL","NULL","NULL","NULL","NULL","NULL","NULL","NULL","NULL","NULL","NULL","NULL","NULL","NULL","NULL","NULL","NULL","NULL","NULL","NULL","NULL","NULL","NULL","NULL","NULL","NULL","NULL","NULL","NULL","NULL","NULL","NULL","NULL","NULL","NULL","NULL","NULL","NULL","NULL","ESTANTERIA                    ","FRUTO SECO                    ","BOLSA                         ","NATURAL                       ","1","NULL",250,1,"No","No","No","Parejas con hijos edad media","M","Alta y media Alta","NO METROP","10001 a 20000","Si","HUESCA","Region I",NA,NA
"7",48348420,187220,479723,"8410764010764","2013-12-30",2233,1000,196,120,"SUPERMERCADO","super+autos",0,"Arag√≥n",60,"4",0,1,"No","3","Sobrepeso","0,713",525,"JAMON YORK/DULCE SECC.FRESCA  ","Branded                       ",282584,282585,251673,"NULL","NULL","NULL","NULL","NULL","NULL","NULL","NULL","LONCHA FRESCA                 ","NULL","NULL","NULL","NULL","NULL","NULL","NULL","NULL","NULL","NULL","NULL","NULL","NULL","NULL","NULL","NULL","NULL","NULL","NULL","NULL","NULL","NULL","NULL","NULL","NULL","NULL","NULL","VALOR INDISPONIBLE            ","NULL","NULL","NULL","FRESCOS                       ","JAMON COCIDO                  ","BARQUETA                      ","VALOR INDISPONIBLE            ","2","NULL",120,1,"No","No","No","Parejas con hijos edad media","M","Alta y media Alta","NO METROP","10001 a 20000","Si","HUESCA","Region I",NA,NA
"8",48348421,187220,758091,"84131089","2013-12-30",2233,1000,259,120,"SUPERMERCADO","super+autos",0,"Arag√≥n",60,"4",0,1,"No","3","Sobrepeso","0,713",405,"MANTEQUILLA                   ","Branded                       ",30270,30271,30271,"NULL","NULL","NULL","NULL","NULL","NULL","NULL","NULL","NULL","NULL","NULL","NULL","NULL","NULL","NULL","NULL","NULL","NULL","NULL","NULL","NULL","NULL","NULL","NULL","NULL","NULL","NULL","NULL","NULL","NULL","NULL","NULL","NULL","NULL","NULL","NULL","VALOR INDISPONIBLE            ","NULL","NULL","NULL","FRESCOS                       ","MANTEQUILLA                   ","PASTILLA ENVUELTA             ","REGULAR                       ","4","NULL",250,1,"No","No","No","Parejas con hijos edad media","M","Alta y media Alta","NO METROP","10001 a 20000","Si","HUESCA","Region I",NA,NA
"9",48348422,187220,914678,"8410972500040","2013-12-30",2233,1000,278,120,"SUPERMERCADO","super+autos",0,"Arag√≥n",60,"4",0,1,"No","3","Sobrepeso","0,713",417,"ATUN EN CONSERVA              ","Branded                       ",30918,70953,70953,"NULL","NULL","TRONCO                        ","NULL","NULL","NULL","NULL","NULL","NULL","NULL","NULL","NULL","NULL","NULL","NULL","NULL","NULL","NULL","NULL","NULL","NULL","NULL","NULL","NULL","NULL","NULL","NULL","NULL","NULL","NULL","NULL","NULL","NULL","NULL","NULL","NULL","VALOR INDISPONIBLE            ","NULL","NULL","NULL","ESTANTERIA                    ","ATUN                          ","TARRO CRISTAL                 ","CLARO                         ","1","NULL",250,1,"No","No","No","Parejas con hijos edad media","M","Alta y media Alta","NO METROP","10001 a 20000","Si","HUESCA","Region I",NA,NA
"10",48348423,187220,74597,"KIA1020201","2013-12-30",1801,1000,85,123,"TIENDAS","tda.de alimentacion",0,"Arag√≥n",60,"4",0,1,"No","3","Sobrepeso","0,713",462,"Pan fresco (CB)               ","Branded                       ",122091,122091,122091,"NULL","NULL","NULL","NULL","NULL","NULL","NULL","NULL","NULL","NULL","NULL","NULL","NULL","NULL","NULL","NULL","NULL","NULL","NULL","NULL","NULL","NULL","NULL","NULL","NULL","NULL","NULL","NULL","NULL","Envasado                      ","NULL","NULL","NULL","NULL","NULL","NULL","NULL","NULL","NULL","NULL","NULL","NULL","NULL","NULL","1","NULL",210,1,"No","No","No","Parejas con hijos edad media","M","Alta y media Alta","NO METROP","10001 a 20000","Si","HUESCA","Region I",NA,NA
"11",48348424,187220,74599,"KIA1020301","2013-12-30",1801,5000,165,123,"TIENDAS","tda.de alimentacion",0,"Arag√≥n",60,"4",0,1,"No","3","Sobrepeso","0,713",462,"Pan fresco (CB)               ","Branded                       ",122091,122091,122091,"NULL","NULL","NULL","NULL","NULL","NULL","NULL","NULL","NULL","NULL","NULL","NULL","NULL","NULL","NULL","NULL","NULL","NULL","NULL","NULL","NULL","NULL","NULL","NULL","NULL","NULL","NULL","NULL","NULL","Envasado                      ","NULL","NULL","NULL","NULL","NULL","NULL","NULL","NULL","NULL","NULL","NULL","NULL","NULL","NULL","1","NULL",400,1,"No","No","No","Parejas con hijos edad media","M","Alta y media Alta","NO METROP","10001 a 20000","Si","HUESCA","Region I",NA,NA
"12",48348425,187220,290364,"GJA1010202","2013-12-30",1801,1248,237,123,"TIENDAS","tda.de alimentacion",0,"Arag√≥n",60,"4",0,1,"No","3","Sobrepeso","0,713",10,"FRUTA FRESCA A PESO (CB)      ","Branded                       ",122091,122091,122091,"NULL","NULL","NULL","NULL","NULL","NULL","NULL","NULL","NULL","NULL","NULL","NULL","NULL","NULL","NULL","NULL","NULL","NULL","NULL","NULL","NULL","NULL","NULL","NULL","NULL","NULL","NULL","NULL","NULL","Granel/Sin Envas              ","NULL","NULL","NULL","NULL","NULL","NULL","NULL","NULL","NULL","NULL","NULL","NULL","NULL","NULL","NULL","NULL",1,1,"No","No","No","Parejas con hijos edad media","M","Alta y media Alta","NO METROP","10001 a 20000","Si","HUESCA","Region I",NA,NA
"13",48348426,187220,290637,"ISA1010202","2013-12-30",1801,254,44,123,"TIENDAS","tda.de alimentacion",0,"Arag√≥n",60,"4",0,1,"No","3","Sobrepeso","0,713",111,"VERDUR Y HORTAL FRESC A P (CB)","Branded                       ",122091,122091,122091,"NULL","NULL","NULL","NULL","NULL","NULL","NULL","NULL","NULL","NULL","NULL","NULL","NULL","NULL","NULL","NULL","NULL","NULL","NULL","NULL","NULL","NULL","NULL","NULL","NULL","NULL","NULL","NULL","NULL","Granel/Sin Envas              ","NULL","NULL","NULL","NULL","NULL","NULL","NULL","NULL","NULL","NULL","NULL","NULL","NULL","NULL","NULL","NULL",1,1,"No","No","No","Parejas con hijos edad media","M","Alta y media Alta","NO METROP","10001 a 20000","Si","HUESCA","Region I",NA,NA
"14",48348427,187220,415800,"VGA106020102","2013-12-30",1801,120,220,123,"TIENDAS","tda.de alimentacion",0,"Arag√≥n",60,"4",0,1,"No","3","Sobrepeso","0,713",28,"BOLLOS/BRIOCHES OTRA BLLR(CB) ","Branded                       ",122091,122091,122091,"NULL","NULL","NULL","NULL","NULL","NULL","NULL","NULL","NULL","NULL","NULL","NULL","NULL","NULL","NULL","NULL","NULL","NULL","NULL","NULL","NULL","NULL","NULL","NULL","NULL","NULL","NULL","NULL","NULL","Granel/Sin Envas              ","NULL","NULL","NULL","NULL","NULL","NULL","NULL","NULL","NULL","NULL","NULL","NULL","NULL","NULL","NULL","NULL",1,1,"No","No","No","Parejas con hijos edad media","M","Alta y media Alta","NO METROP","10001 a 20000","Si","HUESCA","Region I",NA,NA
"15",48348428,187220,519268,"ZRA123240202","2013-12-30",1801,320,468,123,"TIENDAS","tda.de alimentacion",0,"Arag√≥n",60,"4",0,1,"No","3","Sobrepeso","0,713",74,"EMBUTIDOS Y FIAMBRES (CB)     ","Branded                       ",122091,122091,122091,"NULL","NULL","NULL","NULL","NULL","NULL","NULL","NULL","NULL","NULL","NULL","NULL","NULL","NULL","NULL","NULL","NULL","NULL","NULL","NULL","NULL","NULL","NULL","NULL","NULL","NULL","NULL","Pieza Entera                  ","NULL","Al corte Granel/Sin Envasar   ","NULL","NULL","Salchichon Iberico            ","NULL","NULL","NULL","NULL","NULL","NULL","NULL","NULL","NULL","NULL","NULL","NULL","NULL",1,1,"No","No","No","Parejas con hijos edad media","M","Alta y media Alta","NO METROP","10001 a 20000","Si","HUESCA","Region I",NA,NA
"16",48348429,187220,519372,"ZRA108240202","2013-12-30",1801,300,400,123,"TIENDAS","tda.de alimentacion",0,"Arag√≥n",60,"4",0,1,"No","3","Sobrepeso","0,713",74,"EMBUTIDOS Y FIAMBRES (CB)     ","Branded                       ",122091,122091,122091,"NULL","NULL","NULL","NULL","NULL","NULL","NULL","NULL","NULL","NULL","NULL","NULL","NULL","NULL","NULL","NULL","NULL","NULL","NULL","NULL","NULL","NULL","NULL","NULL","NULL","NULL","NULL","Pieza Entera                  ","NULL","Al corte Granel/Sin Envasar   ","NULL","NULL","Chorizo Iberico               ","NULL","NULL","NULL","NULL","NULL","NULL","NULL","NULL","NULL","NULL","NULL","NULL","NULL",1,1,"No","No","No","Parejas con hijos edad media","M","Alta y media Alta","NO METROP","10001 a 20000","Si","HUESCA","Region I",NA,NA
"17",48348430,187220,520395,"ZRA101260201","2013-12-30",1801,204,182,123,"TIENDAS","tda.de alimentacion",0,"Arag√≥n",60,"4",0,1,"No","3","Sobrepeso","0,713",74,"EMBUTIDOS Y FIAMBRES (CB)     ","Branded                       ",122091,122091,122091,"NULL","NULL","NULL","NULL","NULL","NULL","NULL","NULL","NULL","NULL","NULL","NULL","NULL","NULL","NULL","NULL","NULL","NULL","NULL","NULL","NULL","NULL","NULL","NULL","NULL","NULL","NULL","Lonchas                       ","NULL","Al corte Granel/Sin Envasar   ","NULL","NULL","Bacon                         ","NULL","NULL","NULL","NULL","NULL","NULL","NULL","NULL","NULL","NULL","NULL","NULL","NULL",1,1,"No","No","No","Parejas con hijos edad media","M","Alta y media Alta","NO METROP","10001 a 20000","Si","HUESCA","Region I",NA,NA
"18",48348431,187220,502914,"DUA101010302","2013-12-30",12000,6200,8000,124,"DIRECTAS","resto canales",0,"Arag√≥n",60,"4",0,1,"No","3","Sobrepeso","0,713",68,"CABRITO/CORD/OTR OVINO-CA (CB)","Branded                       ",122091,122091,122091,"NULL","NULL","NULL","NULL","NULL","NULL","NULL","NULL","NULL","NULL","NULL","NULL","ENTERO                        ","NULL","NULL","NULL","NULL","NULL","NULL","OTROS OVINO, CAPRINO          ","NULL","NULL","NULL","NULL","NULL","NULL","NULL","NULL","Fresca                        ","Granel/Sin Envas              ","NULL","NULL","NULL","NULL","NULL","NULL","NULL","NULL","NULL","NULL","NULL","NULL","NULL","NULL","NULL","NULL",1,1,"No","No","No","Parejas con hijos edad media","M","Alta y media Alta","NO METROP","10001 a 20000","Si","HUESCA","Region I",NA,NA
"19",48348432,187220,503239,"DYA10203030102","2013-12-30",12000,4150,4000,124,"DIRECTAS","resto canales",0,"Arag√≥n",60,"4",0,1,"No","3","Sobrepeso","0,713",75,"POLLO (CB)                    ","Branded                       ",122091,122091,122091,"NULL","NULL","NULL","NULL","NULL","NULL","NULL","NULL","NULL","NULL","NULL","NULL","ENTERO                        ","NULL","NULL","NULL","NULL","NULL","NULL","NULL","NULL","NULL","NULL","NULL","NULL","NULL","NULL","Sin Preparacion               ","Fresca                        ","Granel/Sin Envas              ","NULL","NULL","NULL","NULL","NULL","NULL","NULL","NULL","NULL","NULL","NULL","NULL","NULL","NULL","NULL","NULL",1,1,"No","No","No","Parejas con hijos edad media","M","Alta y media Alta","NO METROP","10001 a 20000","Si","HUESCA","Region I",NA,NA
"20",48348433,187220,504230,"DYA10109030102","2013-12-30",1880,640,576,127,"CARNICERIA","carniceria/polleria",0,"Arag√≥n",60,"4",0,1,"No","3","Sobrepeso","0,713",75,"POLLO (CB)                    ","Branded                       ",122091,122091,122091,"NULL","NULL","NULL","NULL","NULL","NULL","NULL","NULL","NULL","NULL","NULL","NULL","PECHUGA                       ","NULL","NULL","NULL","NULL","NULL","NULL","NULL","NULL","NULL","NULL","NULL","NULL","NULL","NULL","Sin Preparacion               ","Fresca                        ","Granel/Sin Envas              ","NULL","NULL","NULL","NULL","NULL","NULL","NULL","NULL","NULL","NULL","NULL","NULL","NULL","NULL","NULL","NULL",1,1,"No","No","No","Parejas con hijos edad media","M","Alta y media Alta","NO METROP","10001 a 20000","Si","HUESCA","Region I",NA,NA
"21",48348434,187220,505446,"ZGA109040102","2013-12-30",1880,1685,1264,127,"CARNICERIA","carniceria/polleria",0,"Arag√≥n",60,"4",0,1,"No","3","Sobrepeso","0,713",82,"DESPOJOS Y CASQUERIA (CB)     ","Branded                       ",122091,122091,122091,"NULL","NULL","NULL","NULL","NULL","NULL","NULL","NULL","NULL","NULL","NULL","NULL","OTROS                         ","NULL","NULL","NULL","NULL","NULL","NULL","NULL","NULL","NULL","NULL","NULL","NULL","NULL","NULL","NULL","FRESCA                        ","Granel/Sin Envas              ","NULL","NULL","NULL","NULL","NULL","NULL","NULL","NULL","NULL","NULL","NULL","NULL","NULL","NULL","NULL","NULL",1,1,"No","No","No","Parejas con hijos edad media","M","Alta y media Alta","NO METROP","10001 a 20000","Si","HUESCA","Region I",NA,NA
"22",48348435,167538,74598,"SAA1020202","2013-12-30",70,2000,50,134,"PANADERIA","panaderia/horno",1,"Castilla y Le√≥n",68,"2",0,0,"No","2","Normal","1,263",462,"Pan fresco (CB)               ","Branded                       ",122091,122091,122091,"NULL","NULL","NULL","NULL","NULL","NULL","NULL","NULL","NULL","NULL","NULL","NULL","NULL","NULL","NULL","NULL","NULL","NULL","NULL","NULL","NULL","NULL","NULL","NULL","NULL","NULL","NULL","NULL","NULL","Granel/Sin Envas              ","NULL","NULL","NULL","NULL","NULL","NULL","NULL","NULL","NULL","NULL","NULL","NULL","NULL","NULL","1","NULL",210,6,"No","No","No","Retirados","M","Media baja","NO METROP","50001 a 100000","No","ZAMORA","Region IV",NA,NA
"23",48348436,167538,74598,"SAA1020202","2013-12-30",950,12000,900,134,"PANADERIA","panaderia/horno",1,"Castilla y Le√≥n",68,"2",0,0,"No","2","Normal","1,263",462,"Pan fresco (CB)               ","Branded                       ",122091,122091,122091,"NULL","NULL","NULL","NULL","NULL","NULL","NULL","NULL","NULL","NULL","NULL","NULL","NULL","NULL","NULL","NULL","NULL","NULL","NULL","NULL","NULL","NULL","NULL","NULL","NULL","NULL","NULL","NULL","NULL","Granel/Sin Envas              ","NULL","NULL","NULL","NULL","NULL","NULL","NULL","NULL","NULL","NULL","NULL","NULL","NULL","NULL","1","NULL",210,6,"No","No","No","Retirados","M","Media baja","NO METROP","50001 a 100000","No","ZAMORA","Region IV",NA,NA
"24",48348437,167538,415553,"TJA1010301","2013-12-30",950,12000,150,134,"PANADERIA","panaderia/horno",1,"Castilla y Le√≥n",68,"2",0,0,"No","2","Normal","1,263",125,"HUEVOS (CB)                   ","Branded                       ",122091,122091,122091,"NULL","NULL","NULL","NULL","NULL","NULL","NULL","NULL","NULL","NULL","NULL","NULL","NULL","NULL","NULL","NULL","NULL","NULL","NULL","NULL","NULL","NULL","NULL","NULL","NULL","NULL","NULL","NULL","NULL","Envasado                      ","NULL","NULL","NULL","NULL","NULL","NULL","NULL","NULL","NULL","NULL","NULL","NULL","NULL","NULL","1","NULL",8,6,"No","No","No","Retirados","M","Media baja","NO METROP","50001 a 100000","No","ZAMORA","Region IV",NA,NA
"25",48348438,167538,74600,"KIA1020302","2013-12-30",450,1000,120,134,"PANADERIA","panaderia/horno",1,"Castilla y Le√≥n",68,"2",0,0,"No","2","Normal","1,263",462,"Pan fresco (CB)               ","Branded                       ",122091,122091,122091,"NULL","NULL","NULL","NULL","NULL","NULL","NULL","NULL","NULL","NULL","NULL","NULL","NULL","NULL","NULL","NULL","NULL","NULL","NULL","NULL","NULL","NULL","NULL","NULL","NULL","NULL","NULL","NULL","NULL","Granel/Sin Envas              ","NULL","NULL","NULL","NULL","NULL","NULL","NULL","NULL","NULL","NULL","NULL","NULL","NULL","NULL","1","NULL",400,6,"No","No","No","Retirados","M","Media baja","NO METROP","50001 a 100000","No","ZAMORA","Region IV",NA,NA
"26",48348440,167538,281395,"8410100020839","2013-12-30",5500,2000,998,902,"EROSKI HIPER","hiper",0,"Castilla y Le√≥n",68,"2",0,0,"No","2","Normal","1,263",120,"CAFE SOLUBLE                  ","Branded                       ",20456,20457,162576,"NULL","NULL","POLVO                         ","NULL","NULL","NULL","NULL","NULL","NULL","CON CAFEINA                   ","NULL","NULL","NULL","NULL","NULL","NULL","NULL","NULL","NULL","NULL","NULL","NULL","NULL","NULL","NULL","NULL","NULL","NULL","NULL","NULL","NULL","NULL","NULL","NULL","NATURAL                       ","NULL","VALOR INDISPONIBLE            ","NULL","NULL","NULL","ESTANTERIA                    ","CAFE SOLUBLE                  ","FRASCO                        ","VALOR INDISPONIBLE            ","1","NULL",220,6,"Si","No","No","Retirados","M","Media baja","NO METROP","50001 a 100000","No","ZAMORA","Region IV","Mas Cantidad","NULL"
"27",48348441,167538,496160,"CHA40803010101","2013-12-30",5500,518,389,902,"EROSKI HIPER","hiper",0,"Castilla y Le√≥n",68,"2",0,0,"No","2","Normal","1,263",3,"A?OJO/BUEY/TERNE/OTR VAC. (CB)","Branded                       ",122091,122091,122091,"NULL","NULL","NULL","NULL","NULL","NULL","NULL","NULL","NULL","NULL","NULL","NULL","Filete/Bisteo                 ","NULL","NULL","NULL","NULL","NULL","NULL","BUEY                          ","NULL","NULL","NULL","NULL","NULL","NULL","NULL","Sin Preparacion               ","Fresca                        ","Envasada                      ","NULL","NULL","NULL","NULL","NULL","NULL","NULL","NULL","NULL","NULL","NULL","NULL","NULL","NULL","NULL","NULL",1,6,"No","No","No","Retirados","M","Media baja","NO METROP","50001 a 100000","No","ZAMORA","Region IV",NA,NA
"28",48348442,167538,503734,"CKA30105010101","2013-12-30",5500,535,479,902,"EROSKI HIPER","hiper",0,"Castilla y Le√≥n",68,"2",0,0,"No","2","Normal","1,263",78,"PAVO (CB)                     ","Branded                       ",122091,122091,122091,"NULL","NULL","NULL","NULL","NULL","NULL","NULL","NULL","NULL","NULL","NULL","NULL","FILETE                        ","NULL","NULL","NULL","NULL","NULL","NULL","NULL","NULL","NULL","NULL","NULL","NULL","NULL","NULL","ADOBADO                       ","Fresca                        ","Envasada                      ","NULL","NULL","NULL","NULL","NULL","NULL","NULL","NULL","NULL","NULL","NULL","NULL","NULL","NULL","NULL","NULL",1,6,"No","No","No","Retirados","M","Media baja","NO METROP","50001 a 100000","No","ZAMORA","Region IV",NA,NA
"29",48348443,167538,506105,"CHA20503010101","2013-12-30",5500,424,1015,902,"EROSKI HIPER","hiper",0,"Castilla y Le√≥n",68,"2",0,0,"No","2","Normal","1,263",3,"A?OJO/BUEY/TERNE/OTR VAC. (CB)","Branded                       ",122091,122091,122091,"NULL","NULL","NULL","NULL","NULL","NULL","NULL","NULL","NULL","NULL","NULL","NULL","Entrecotte/Lomo               ","NULL","NULL","NULL","NULL","NULL","NULL","TERNERA                       ","NULL","NULL","NULL","NULL","NULL","NULL","NULL","Sin Preparacion               ","Fresca                        ","Envasada                      ","NULL","NULL","NULL","NULL","NULL","NULL","NULL","NULL","NULL","NULL","NULL","NULL","NULL","NULL","NULL","NULL",1,6,"No","No","No","Retirados","M","Media baja","NO METROP","50001 a 100000","No","ZAMORA","Region IV",NA,NA
"30",48348444,167538,620529,"8421022410004","2013-12-30",5500,2000,260,902,"EROSKI HIPER","hiper",0,"Castilla y Le√≥n",68,"2",0,0,"No","2","Normal","1,263",11,"FRUTA Y VERDURA  FRESCA       ","Branded                       ",191512,386799,386799,"NULL","NULL","NULL","NULL","NULL","NULL","NULL","NULL","NULL","NULL","NULL","NULL","NULL","NULL","NULL","NULL","NULL","NULL","NULL","NULL","NULL","NULL","NULL","NULL","NULL","NULL","VERDURA/TUBERCULO             ","NULL","NULL","NULL","NULL","NULL","NULL","NULL","NULL","NULL","VALOR INDISPONIBLE            ","NULL","NULL","NULL","FRESCOS                       ","ENDIVIA                       ","BARQUETA                      ","NULL","1","NULL",400,6,"No","No","Si","Retirados","M","Media baja","NO METROP","50001 a 100000","No","ZAMORA","Region IV",NA,NA
"31",48348445,167538,634540,"8480010039207","2013-12-30",5500,1000,68,902,"EROSKI HIPER","hiper",0,"Castilla y Le√≥n",68,"2",0,0,"No","2","Normal","1,263",11,"FRUTA Y VERDURA  FRESCA       ","Private Label                 ",140584,292513,292513,"NULL","NULL","NULL","NULL","NULL","NULL","NULL","NULL","NULL","NULL","NULL","NULL","NULL","NULL","NULL","NULL","NULL","NULL","NULL","NULL","NULL","NULL","NULL","NULL","NULL","NULL","VERDURA/TUBERCULO             ","NULL","NULL","NULL","NULL","NULL","NULL","NULL","NULL","NULL","VALOR INDISPONIBLE            ","NULL","NULL","NULL","ESTANTERIA                    ","ZANAHORIA                     ","BOLSA PLASTICO                ","NANTESA                       ","1","NULL",1000,6,"No","No","No","Retirados","M","Media baja","NO METROP","50001 a 100000","No","ZAMORA","Region IV",NA,NA
"32",48348446,167538,722251,"8480010003369","2013-12-30",5500,3000,327,902,"EROSKI HIPER","hiper",0,"Castilla y Le√≥n",68,"2",0,0,"No","2","Normal","1,263",194,"LIMPIAVAJILLAS LIQUIDO A MANO ","Private Label                 ",140584,140584,417136,"NULL","NULL","LIQUIDO                       ","NULL","NULL","NULL","NULL","UNIVERSAL                     ","NULL","NULL","NULL","NULL","NULL","NULL","NULL","NULL","NULL","NORMAL                        ","NULL","NULL","NULL","NULL","NULL","NULL","NULL","NULL","NULL","NULL","NULL","NULL","NULL","NULL","NULL","NULL","NULL","NULL","VALOR INDISPONIBLE            ","NULL","NULL","NULL","ESTANTERIA                    ","LIMPIAVAJILLA A MAN           ","FRASCO PLASTICO               ","VALOR INDISPONIBLE            ","1","NULL",1500,6,"No","No","No","Retirados","M","Media baja","NO METROP","50001 a 100000","No","ZAMORA","Region IV",NA,NA
"33",48348447,167538,739218,"8480010149036","2013-12-30",5500,1000,109,902,"EROSKI HIPER","hiper",0,"Castilla y Le√≥n",68,"2",0,0,"No","2","Normal","1,263",840,"VERDURA/HORTALIZA CONGEL      ","Private Label                 ",140584,140584,417136,"NULL","NULL","TROCEADO                      ","NULL","NULL","NULL","NULL","NULL","NULL","NULL","NULL","NULL","NULL","NULL","NULL","NULL","NULL","NULL","NULL","NULL","NULL","NULL","NULL","JUDIA VERDE REDONDA           ","NULL","NULL","NULL","NULL","NULL","NULL","NULL","NULL","NULL","NULL","NULL","NULL","VALOR INDISPONIBLE            ","NULL","NULL","NULL","CONGELADOS                    ","VERDURA Y HORTALIZA           ","BOLSA PLASTICO                ","VALOR INDISPONIBLE            ","1","NULL",1000,6,"No","No","No","Retirados","M","Media baja","NO METROP","50001 a 100000","No","ZAMORA","Region IV",NA,NA
"34",48348448,167538,755818,"8410000002089","2013-12-30",5500,1000,460,902,"EROSKI HIPER","hiper",0,"Castilla y Le√≥n",68,"2",0,0,"No","2","Normal","1,263",314,"GALL.MARIA/TOSTADA/MANTQULLA  ","Branded                       ",20920,61817,442947,"NULL","NULL","NULL","NULL","NULL","NULL","NULL","NULL","NULL","NULL","NULL","NULL","NULL","NULL","NULL","NULL","NULL","NULL","NULL","NULL","NULL","NULL","NULL","NULL","NULL","NULL","NULL","NULL","NULL","NULL","NULL","NULL","NULL","NULL","NULL","NULL","VALOR INDISPONIBLE            ","NULL","NULL","NULL","ESTANTERIA                    ","GALLETA MARIA                 ","CAJA CARTON                   ","VALOR INDISPONIBLE            ","1","NULL",1800,6,"No","No","No","Retirados","M","Media baja","NO METROP","50001 a 100000","No","ZAMORA","Region IV",NA,NA
"35",48348450,167538,943538,"8410660030682","2013-12-30",5500,2000,836,902,"EROSKI HIPER","hiper",0,"Castilla y Le√≥n",68,"2",0,0,"No","2","Normal","1,263",2,"ACEITE DE OLIVA               ","Branded                       ",193315,181414,476729,"VALOR INDISPONIBLE            ","NULL","NULL","NULL","NULL","NULL","NULL","NULL","NULL","NULL","NULL","NULL","NULL","NULL","NULL","NULL","NULL","NULL","NULL","NULL","NULL","NULL","VALOR INDISPONIBLE            ","NULL","NULL","NULL","NULL","NULL","NULL","NULL","NULL","NULL","NULL","NULL","NULL","NULL","VALOR INDISPONIBLE            ","NULL","NULL","NULL","ESTANTERIA                    ","ACEITE DE OLIVA               ","BOTELLA DE PLASTICO           ","VIRGEN                        ","1","NULL",1000,6,"Si","No","No","Retirados","M","Media baja","NO METROP","50001 a 100000","No","ZAMORA","Region IV","Descuento Inmediato en la 2a Unidad","NULL"
"36",48348452,174704,265586,"8480000592156","2013-12-30",1150,1000,178,79,"Mercadona","super+autos",0,"Andaluc√≠a",45,"3",2,0,"Ni√±os 6-15","3","Sobrepeso","1,32",525,"JAMON YORK/DULCE SECC.FRESCA  ","Private Label                 ",21321,23270,23270,"NULL","NULL","NULL","NULL","NULL","NULL","NULL","NULL","LONCHA SANDWICH               ","NULL","NULL","NULL","NULL","NULL","NULL","NULL","NULL","NULL","NULL","NULL","NULL","NULL","NULL","NULL","NULL","NULL","NULL","NULL","NULL","NULL","NULL","NULL","NULL","NULL","NULL","NULL","VALOR INDISPONIBLE            ","NULL","NULL","NULL","FRESCOS                       ","JAMON COCIDO                  ","BANDEJA ENV PLASTIC VACIO     ","VALOR INDISPONIBLE            ","1","NULL",250,6,"No","No","No","Parejas con hijos edad media","MB","Media baja","NO METROP","500001 a 1000000","No","MALAGA","Region III",NA,NA
"37",48348453,174704,419739,"8480000823243","2013-12-30",1150,1000,100,79,"Mercadona","super+autos",0,"Andaluc√≠a",45,"3",2,0,"Ni√±os 6-15","3","Sobrepeso","1,32",156,"PAN MOLDE/BURGUER/HOT DOG.....","Private Label                 ",21321,23270,23270,"ACEITE DE GIRASOL             ","NULL","NULL","NULL","NULL","NULL","NULL","NULL","NULL","NULL","NULL","NULL","NULL","NULL","PAN MOLDE SANDWICH            ","NULL","NULL","NULL","NULL","NULL","NULL","NULL","NULL","NULL","NULL","NULL","NULL","NULL","NULL","NULL","NULL","NULL","NULL","NULL","NULL","NULL","VALOR INDISPONIBLE            ","NULL","NULL","NULL","ESTANTERIA                    ","PAN ENVASADO                  ","BOLSA DE PLASTICO             ","BLANCO                        ","1","NULL",820,6,"No","No","No","Parejas con hijos edad media","MB","Media baja","NO METROP","500001 a 1000000","No","MALAGA","Region III",NA,NA
"38",48348456,174704,644102,"8480000832030","2013-12-30",1150,1000,110,79,"Mercadona","super+autos",0,"Andaluc√≠a",45,"3",2,0,"Ni√±os 6-15","3","Sobrepeso","1,32",460,"PAN FRESCO DEL DIA            ","Private Label                 ",21321,292510,292510,"NULL","NULL","NULL","NULL","NULL","NULL","NULL","NULL","NULL","NULL","NULL","NULL","NULL","NULL","NULL","NULL","NULL","NULL","NULL","NULL","NULL","NULL","NULL","NULL","NULL","NULL","NULL","NULL","NULL","NULL","NULL","NULL","NULL","NULL","NULL","NULL","VALOR INDISPONIBLE            ","NULL","NULL","NULL","ESTANTERIA                    ","BARRA                         ","BOLSA PAPEL                   ","NORMAL                        ","3","NULL",750,6,"No","No","No","Parejas con hijos edad media","MB","Media baja","NO METROP","500001 a 1000000","No","MALAGA","Region III",NA,NA
"39",48348457,174704,653973,"8480000837097","2013-12-30",1150,1000,100,79,"Mercadona","super+autos",0,"Andaluc√≠a",45,"3",2,0,"Ni√±os 6-15","3","Sobrepeso","1,32",156,"PAN MOLDE/BURGUER/HOT DOG.....","Private Label                 ",21321,292510,292510,"SIN ADITIVO                   ","NULL","NULL","NULL","NULL","NULL","NULL","NULL","NULL","NULL","NULL","NULL","NULL","NULL","BURGUER                       ","NULL","NULL","NULL","NULL","NULL","NULL","NULL","NULL","NULL","NULL","NULL","NULL","NULL","NULL","NULL","NULL","NULL","NULL","NULL","NULL","NULL","VALOR INDISPONIBLE            ","NULL","NULL","NULL","ESTANTERIA                    ","PAN ENVASADO                  ","BOLSA DE PLASTICO             ","NORMAL                        ","1","NULL",320,6,"No","No","No","Parejas con hijos edad media","MB","Media baja","NO METROP","500001 a 1000000","No","MALAGA","Region III",NA,NA
"40",48348458,174704,705339,"8422241805602","2013-12-30",1150,1000,145,79,"Mercadona","super+autos",0,"Andaluc√≠a",45,"3",2,0,"Ni√±os 6-15","3","Sobrepeso","1,32",735,"QUESOS EXTRANJEROS            ","Branded                       ",21574,212350,212350,"NULL","NULL","LONCHA                        ","NULL","NULL","NULL","NULL","NULL","NULL","NULL","NULL","NULL","NULL","MOZARRELLA CURADA             ","NULL","NULL","NULL","NULL","NULL","NULL","NULL","NULL","NULL","NULL","NULL","NULL","NULL","NULL","NULL","NULL","NULL","NULL","NULL","NULL","NULL","NULL","VALOR INDISPONIBLE            ","NULL","NULL","NULL","FRESCOS                       ","QUESO                         ","BARQUETA                      ","NATURAL                       ","1","NULL",200,6,"No","No","No","Parejas con hijos edad media","MB","Media baja","NO METROP","500001 a 1000000","No","MALAGA","Region III",NA,NA
"41",48348459,174704,755159,"8410055033014","2013-12-30",1150,1000,33,79,"Mercadona","super+autos",0,"Andaluc√≠a",45,"3",2,0,"Ni√±os 6-15","3","Sobrepeso","1,32",360,"AGUA SIN GAS                  ","Branded                       ",71168,71168,71168,"SIN ADITIVO                   ","NULL","NULL","NULL","NULL","NULL","NULL","NULL","NULL","NULL","NULL","NULL","NULL","NULL","NULL","NULL","NULL","NULL","NULL","NULL","NULL","NULL","NULL","NULL","NULL","NULL","NULL","NULL","NULL","NULL","NULL","NULL","NULL","NULL","NULL","NULL","VALOR INDISPONIBLE            ","NULL","NULL","NULL","ESTANTERIA                    ","AGUA MINERAL                  ","BOTELLA D PLSTC SPRT          ","NATURAL                       ","1","1",330,6,"No","No","Si","Parejas con hijos edad media","MB","Media baja","NO METROP","500001 a 1000000","No","MALAGA","Region III",NA,NA
"42",48348460,174704,863444,"8421384016210","2013-12-30",1150,1000,219,79,"Mercadona","super+autos",0,"Andaluc√≠a",45,"3",2,0,"Ni√±os 6-15","3","Sobrepeso","1,32",173,"JAMON CURADO DE CERDO         ","Branded                       ",442412,450108,450108,"NULL","NULL","NULL","NULL","NULL","NULL","NULL","NULL","PICADILLO                     ","NULL","NULL","NULL","NULL","NULL","NULL","NULL","NULL","NULL","NULL","NULL","NULL","NULL","NULL","NULL","NULL","NULL","PATA                          ","NULL","NULL","NULL","NULL","NULL","NULL","NULL","NULL","NULL","VALOR INDISPONIBLE            ","NULL","NULL","NULL","FRESCOS                       ","JAMON CURADO                  ","BARQUETA                      ","SERRANO                       ","2","NULL",180,6,"No","No","No","Parejas con hijos edad media","MB","Media baja","NO METROP","500001 a 1000000","No","MALAGA","Region III",NA,NA
"43",48348461,174566,26226,"8480017055286","2013-12-30",3500,1000,47,260,"Maxi Dia","discount",0,"Catalu√±a",47,"4",1,0,"Ni√±os 6-15","4","Obesidad","1,771",256,"PALITOS TOSTADOS              ","Private Label                 ",20776,152418,152418,"NULL","NULL","NULL","NULL","NULL","NULL","NULL","NULL","NULL","NULL","NULL","NULL","NULL","NULL","NULL","NULL","NULL","NULL","NULL","NULL","NULL","NULL","NULL","NULL","NULL","NULL","NULL","NULL","NULL","NULL","NULL","NULL","NULL","NULL","NULL","NULL","VALOR INDISPONIBLE            ","NULL","NULL","NULL","ESTANTERIA                    ","PALITO TOSTADO                ","BOLSA                         ","NORMAL                        ","1","NULL",250,6,"No","No","Si","Hogares Monoparentales","A","Media","NO METROP","5001 a 10000","No","BARCELONA","Region I",NA,NA
"44",48348462,174566,39657,"8480017109613","2013-12-30",3500,1000,67,260,"Maxi Dia","discount",0,"Catalu√±a",47,"4",1,0,"Ni√±os 6-15","4","Obesidad","1,771",156,"PAN MOLDE/BURGUER/HOT DOG.....","Private Label                 ",20776,261250,261250,"SIN ADITIVO                   ","NULL","NULL","NULL","NULL","NULL","NULL","NULL","NULL","NULL","NULL","NULL","NULL","NULL","PAN DE MOLDE                  ","NULL","NULL","NULL","NULL","NULL","NULL","NULL","NULL","NULL","NULL","NULL","NULL","NULL","NULL","NULL","NULL","NULL","NULL","NULL","NULL","NULL","VALOR INDISPONIBLE            ","NULL","NULL","NULL","ESTANTERIA                    ","PAN ENVASADO                  ","BOLSA DE PLASTICO             ","NORMAL                        ","1","NULL",475,6,"No","No","No","Hogares Monoparentales","A","Media","NO METROP","5001 a 10000","No","BARCELONA","Region I",NA,NA
"45",48348463,174566,66789,"8480017005045","2013-12-30",3500,6000,360,260,"Maxi Dia","discount",0,"Catalu√±a",47,"4",1,0,"Ni√±os 6-15","4","Obesidad","1,771",30,"LECHE LARGA CONSERVACION      ","Private Label                 ",20776,152418,152418,"SIN ADITIVO                   ","NULL","NULL","NULL","NULL","NULL","NULL","NULL","NULL","NULL","NULL","SEMI DESNATADA                ","NULL","NULL","NULL","NULL","NULL","NULL","NULL","NULL","NULL","NULL","NULL","NULL","NULL","NULL","NULL","NULL","NULL","NULL","NULL","NULL","NULL","NULL","NULL","NULL","VALOR INDISPONIBLE            ","NULL","NULL","NULL","ESTANTERIA                    ","LECHE                         ","BRICK                         ","NATURAL                       ","1","NULL",1000,6,"No","No","No","Hogares Monoparentales","A","Media","NO METROP","5001 a 10000","No","BARCELONA","Region I",NA,NA
"46",48348464,174566,288198,"8480017438928","2013-12-30",3500,1000,45,260,"Maxi Dia","discount",0,"Catalu√±a",47,"4",1,0,"Ni√±os 6-15","4","Obesidad","1,771",648,"BEBIDA REFRESC. COLA          ","Private Label                 ",20776,152418,152418,"NULL","NULL","NULL","LIGHT                         ","NULL","NULL","NULL","NULL","NULL","SIN CAFEINA                   ","NULL","NULL","NULL","NULL","NULL","NULL","NULL","NULL","NULL","NULL","NULL","NULL","NULL","NULL","NULL","NULL","NULL","NULL","NULL","NULL","NULL","NULL","NULL","NULL","NULL","NULL","VALOR INDISPONIBLE            ","NULL","NULL","NULL","ESTANTERIA                    ","REFRESCO DE COLA              ","BOTELLA DE PLASTICO           ","COLA                          ","1","NULL",2000,6,"Si","No","No","Hogares Monoparentales","A","Media","NO METROP","5001 a 10000","No","BARCELONA","Region I","Precio Especial","NULL"
"47",48348465,174566,290280,"SSA1140201","2013-12-30",3500,832,146,260,"Maxi Dia","discount",0,"Catalu√±a",47,"4",1,0,"Ni√±os 6-15","4","Obesidad","1,771",10,"FRUTA FRESCA A PESO (CB)      ","Branded                       ",122091,122091,122091,"NULL","NULL","NULL","NULL","NULL","NULL","NULL","NULL","NULL","NULL","NULL","NULL","NULL","NULL","NULL","NULL","NULL","NULL","NULL","NULL","NULL","NULL","NULL","NULL","NULL","NULL","NULL","NULL","NULL","Envasado                      ","NULL","NULL","NULL","NULL","NULL","NULL","NULL","NULL","NULL","NULL","NULL","NULL","NULL","NULL","NULL","NULL",1,6,"No","No","No","Hogares Monoparentales","A","Media","NO METROP","5001 a 10000","No","BARCELONA","Region I",NA,NA
"48",48348466,174566,334300,"033383146041","2013-12-30",3500,1000,400,260,"Maxi Dia","discount",0,"Catalu√±a",47,"4",1,0,"Ni√±os 6-15","4","Obesidad","1,771",11,"FRUTA Y VERDURA  FRESCA       ","Branded                       ",222981,243293,243293,"NULL","NULL","NULL","NULL","NULL","NULL","NULL","NULL","NULL","NULL","NULL","NULL","NULL","NULL","NULL","NULL","NULL","NULL","NULL","NULL","NULL","NULL","NULL","NULL","NULL","NULL","FRUTA                         ","NULL","NULL","NULL","NULL","NULL","NULL","NULL","NULL","NULL","NULL","NULL","NULL","NULL","ESTANTERIA                    ","MANDARINA                     ","CAJA                          ","NULL","1","NULL",2500,6,"No","No","No","Hogares Monoparentales","A","Media","NO METROP","5001 a 10000","No","BARCELONA","Region I",NA,NA
"49",48348467,174566,444065,"8480017041890","2013-12-30",3500,1000,247,260,"Maxi Dia","discount",0,"Catalu√±a",47,"4",1,0,"Ni√±os 6-15","4","Obesidad","1,771",417,"ATUN EN CONSERVA              ","Private Label                 ",20776,152418,152418,"NULL","NULL","TRONCO                        ","NULL","NULL","NULL","NULL","NULL","NULL","NULL","NULL","NULL","NULL","NULL","NULL","NULL","NULL","NULL","NULL","NULL","NULL","NULL","NULL","NULL","NULL","NULL","NULL","NULL","NULL","NULL","NULL","NULL","NULL","NULL","NULL","NULL","VALOR INDISPONIBLE            ","NULL","NULL","NULL","ESTANTERIA                    ","ATUN                          ","LATA                          ","NORMAL                        ","1","NULL",400,6,"No","No","No","Hogares Monoparentales","A","Media","NO METROP","5001 a 10000","No","BARCELONA","Region I",NA,NA
